{"cameraMode":{"drawMode":0,"name":"Shaded","section":"Shading Mode"},"sceneLighting":false,"audioPlay":false,"sceneViewState":{"showFog":true,"showMaterialUpdate":false,"showSkybox":false,"showFlares":true,"showImageEffects":true,"showParticleSystems":true},"in2DMode":false,"pivot":{"x":0.0009145736694335938,"y":2.8205323219299318,"z":-0.2594794034957886},"rotation":{"x":0.0019778558053076269,"y":0.9425883889198303,"z":-0.3339588940143585,"w":0.005600496660917997},"size":5.244685649871826,"orthographic":true}