{"cameraMode":{"drawMode":0,"name":"Shaded","section":"Shading Mode"},"sceneLighting":true,"audioPlay":false,"sceneViewState":{"showFog":true,"showMaterialUpdate":false,"showSkybox":true,"showFlares":true,"showImageEffects":true,"showParticleSystems":true},"in2DMode":false,"pivot":{"x":7.017335891723633,"y":2.2335989475250246,"z":-3.020085573196411},"rotation":{"x":0.11044251918792725,"y":-0.887381911277771,"z":0.2818087041378021,"w":0.3477691113948822},"size":8.975394248962403,"orthographic":true}